website,email
https://www.denveraddictiontreatment.com/,admissions@nstprogram.com
https://www.sandstonecare.com/,admissionteam@sandstonecare.com
http://sloanslakerehab.com/,contact-sloanslake@ensignservices.net
https://www.denverhealth.org/,
http://www.stepdenver.org/,stepdenver@stepdenver.org
https://crestmoorhrc.com/,info@crestmoorhrc.com
https://milehighrecoverycenter.com/,
https://www.womensrecovery.com/,
https://www.rehabwithoutwalls.com/,
https://serenitydenver.org/,robynw@stoutstreet.org
https://healthonecares.com/,penny.fletcher@healthonecares.com
https://www.cadrec.org/,
http://theraleighhouse.com/,
http://www.urbanpeaksrehab.com/,office@urbanpeaksrehab.com
https://www.denvernursingandrehab.com/,
https://www.gallusdetox.com/,admissions@gallusdetox.com
http://www.westwoodpost.com/,
https://www.crossroadstreatmentcenters.com/,
https://www.sandstonecare.com/,admissionteam@sandstonecare.com
https://www.goldenpeakrecovery.com/,
https://www.ind-house.com/,rose.rodriguez@comcast.net
https://douglas-detox-support.business.site/,
http://advancedrehabilitation.net/,staff@advancedrehabilitation.net
https://www.artstreatment.com/,arts.development@ucdenver.edu
https://ccctreatment.com/,info@ccctreatment.com
http://www.alpinerecoverycenter.com/,
https://continuumrecoverycenterofcolorado.com/,info@crcofco.com
http://www.centeratlowry.com/,info@centeratlowry.com
https://www.mhsrm.com/,
https://www.serenitybythesea.org/,
https://triberecoveryhomes.com/,605a7baede844d278b89dc95ae0a9123@sentry-next.wixpress.com
https://www.redrockrecoverycenter.com/,
https://peaksrecovery.com/,info@peaksrecovery.com
https://www.kindredhealthcare.com/,
http://clermontpark.org/,
https://www.stoutstreet.org/,robynw@stoutstreet.org
https://magnoliamed.com/,office@magnoliamed.com
http://briarwoodhealthcarecenter.com/,
https://www.denverrecoverygroup.com/,info@denverrecoverygroup.com
http://edemarehab.com/,frontdesk@oncologyrehab.net
https://www.goldenpeakrecovery.com/,
https://valleyhope.org/,
http://ideacares.com/,contact@ideacares.com
https://treehouserecoveryco.com/,
https://www.bethanyrehab.com/,